matchId,sport,team_1,team_2
4,Football,5.0,8.0
9,Basketball,3.0,18.0
11,Football,8.0,1.0
14,Rubgy,15.0,12.0
26,Rubgy,18.0,3.0
31,Rubgy,16.0,9.0
40,Rubgy,3.0,13.0
41,Tennis,15.0,8.0
42,Ping-Pong,3.0,9.0
43,Rubgy,11.0,2.0
52,Football,14.0,2.0
55,Rubgy,15.0,8.0
58,Football,17.0,8.0
61,Volleyball,13.0,4.0
62,Rubgy,19.0,13.0
71,Basketball,12.0,14.0
73,Tennis,14.0,12.0
77,Baseball,1.0,17.0
78,Hockey,11.0,9.0
79,Volleyball,5.0,9.0
89,Boxe,11.0,3.0
94,Football,4.0,15.0
99,Baseball,5.0,11.0
100,Volleyball,9.0,1.0
108,Baseball,12.0,19.0
116,Baseball,5.0,12.0
121,Rubgy,16.0,15.0
128,Baseball,14.0,17.0
132,Badminton,19.0,14.0
137,Baseball,12.0,13.0
148,Rubgy,7.0,8.0
154,Rubgy,2.0,6.0
162,Baseball,5.0,15.0
175,Rubgy,1.0,15.0
177,Water Polo,10.0,17.0
184,Rubgy,6.0,14.0
190,Badminton,19.0,12.0
193,Rubgy,8.0,7.0
195,Football,19.0,6.0
204,Basketball,3.0,13.0
206,Baseball,10.0,8.0
209,Rubgy,13.0,3.0
211,Rubgy,10.0,7.0
213,Rubgy,14.0,4.0
214,Tennis,13.0,16.0
217,Volleyball,19.0,11.0
219,Rubgy,12.0,14.0
220,Water Polo,19.0,18.0
224,Football,12.0,11.0
227,Boxe,18.0,6.0
229,Volleyball,9.0,12.0
230,Volleyball,10.0,5.0
232,Football,9.0,10.0
233,Rubgy,1.0,9.0
240,Badminton,17.0,14.0
246,Baseball,16.0,4.0
251,Basketball,15.0,10.0
254,Rubgy,1.0,8.0
261,Rubgy,12.0,19.0
263,Rubgy,4.0,15.0
269,Rubgy,12.0,10.0
271,Rubgy,7.0,3.0
277,Rubgy,6.0,3.0
279,Rubgy,19.0,8.0
280,Volleyball,12.0,16.0
281,Football,5.0,15.0
282,Rubgy,18.0,14.0
291,Volleyball,12.0,4.0
293,Hockey,5.0,9.0
298,Rubgy,15.0,6.0
299,Rubgy,17.0,19.0
300,Rubgy,17.0,19.0
306,Rubgy,3.0,10.0
307,Rubgy,6.0,12.0
311,Judo,12.0,18.0
321,Rubgy,8.0,14.0
326,Rubgy,10.0,14.0
328,Judo,12.0,2.0
331,Rubgy,12.0,1.0
334,Rubgy,18.0,7.0
336,Tennis,8.0,14.0
337,Rubgy,14.0,17.0
341,Rubgy,7.0,18.0
349,Hockey,13.0,9.0
351,Football,15.0,7.0
354,Rubgy,17.0,5.0
358,Rubgy,14.0,12.0
359,Football,5.0,12.0
361,Football,19.0,4.0
363,Baseball,12.0,11.0
365,Rubgy,14.0,3.0
369,Rubgy,9.0,4.0
372,Football,1.0,3.0
373,Badminton,8.0,14.0
376,Boxe,16.0,2.0
384,Ping-Pong,8.0,4.0
385,Rubgy,2.0,7.0
386,Rubgy,5.0,7.0
388,Rubgy,19.0,5.0
390,Ping-Pong,14.0,18.0
406,Rubgy,18.0,17.0
407,Judo,15.0,1.0
408,Rubgy,2.0,12.0
412,Rubgy,19.0,12.0
418,Rubgy,4.0,12.0
422,Badminton,2.0,4.0
423,Boxe,19.0,18.0
424,Rubgy,2.0,13.0
428,Rubgy,14.0,15.0
436,Volleyball,16.0,8.0
448,Rubgy,9.0,2.0
452,Rubgy,2.0,7.0
454,Volleyball,6.0,17.0
457,Badminton,2.0,16.0
474,Boxe,13.0,8.0
475,Rubgy,7.0,15.0
481,Volleyball,10.0,1.0
490,Badminton,2.0,12.0
491,Rubgy,4.0,17.0
493,Ping-Pong,1.0,8.0
501,Rubgy,10.0,6.0
508,Rubgy,4.0,16.0
510,Rubgy,2.0,1.0
523,Rubgy,12.0,6.0
524,Rubgy,5.0,17.0
526,Rubgy,14.0,16.0
527,Tennis,16.0,9.0
529,Rubgy,16.0,5.0
535,Rubgy,12.0,18.0
536,Rubgy,9.0,16.0
537,Rubgy,11.0,8.0
538,Rubgy,17.0,1.0
539,Football,7.0,12.0
540,Badminton,15.0,19.0
542,Football,18.0,5.0
556,Baseball,15.0,3.0
573,Rubgy,3.0,5.0
580,Rubgy,3.0,11.0
581,Baseball,1.0,17.0
602,Baseball,18.0,11.0
632,Tennis,6.0,15.0
636,Rubgy,18.0,5.0
640,Volleyball,5.0,11.0
645,Rubgy,10.0,2.0
650,Rubgy,17.0,6.0
662,Badminton,12.0,7.0
667,Basketball,1.0,16.0
668,Rubgy,4.0,11.0
670,Rubgy,6.0,8.0
678,Volleyball,18.0,15.0
679,Rubgy,15.0,9.0
685,Rubgy,9.0,7.0
694,Ping-Pong,16.0,2.0
698,Rubgy,4.0,13.0
703,Rubgy,16.0,5.0
706,Rubgy,19.0,15.0
722,Baseball,2.0,5.0
726,Rubgy,12.0,11.0
735,Water Polo,11.0,7.0
742,Judo,2.0,7.0
757,Rubgy,15.0,1.0
759,Baseball,13.0,15.0
760,Tennis,1.0,6.0
762,Handball,5.0,18.0
766,Rubgy,4.0,12.0
773,Rubgy,7.0,8.0
781,Rubgy,16.0,15.0
782,Volleyball,2.0,9.0
790,Rubgy,2.0,1.0
791,Baseball,10.0,2.0
795,Rubgy,14.0,2.0
803,Football,4.0,12.0
805,Volleyball,11.0,7.0
823,Rubgy,7.0,12.0
835,Rubgy,11.0,19.0
838,Football,11.0,4.0
839,Boxe,19.0,5.0
841,Water Polo,14.0,7.0
848,Rubgy,1.0,2.0
851,Rubgy,9.0,17.0
852,Football,16.0,7.0
867,Handball,9.0,11.0
875,Ping-Pong,14.0,8.0
879,Judo,1.0,17.0
882,Volleyball,8.0,4.0
891,Judo,3.0,4.0
892,Football,1.0,16.0
893,Rubgy,16.0,13.0
896,Rubgy,3.0,13.0
898,Football,12.0,1.0
906,Volleyball,8.0,19.0
909,Football,11.0,8.0
910,Handball,10.0,19.0
916,Football,12.0,5.0
944,Rubgy,13.0,14.0
949,Rubgy,9.0,7.0
950,Handball,6.0,15.0
954,Rubgy,7.0,11.0
959,Rubgy,11.0,14.0
961,Rubgy,8.0,2.0
971,Rubgy,16.0,18.0
979,Tennis,1.0,6.0
981,Rubgy,7.0,4.0
982,Rubgy,14.0,17.0
991,Rubgy,14.0,15.0
993,Rubgy,3.0,1.0
996,Hockey,1.0,19.0
1003,Volleyball,7.0,13.0
1004,Boxe,12.0,6.0
1006,Rubgy,5.0,8.0
1040,Rubgy,19.0,16.0
1041,Rubgy,1.0,18.0
1051,Rubgy,4.0,19.0
1054,Rubgy,5.0,17.0
1055,Badminton,19.0,17.0
1056,Rubgy,17.0,5.0
1061,Badminton,2.0,5.0
1079,Handball,14.0,18.0
1082,Rubgy,18.0,3.0
1090,Tennis,11.0,6.0
1095,Rubgy,8.0,13.0
1096,Rubgy,11.0,10.0
1103,Rubgy,17.0,3.0
1105,Water Polo,15.0,11.0
1111,Baseball,9.0,5.0
1116,Rubgy,16.0,19.0
1117,Rubgy,8.0,9.0
1119,Rubgy,10.0,12.0
1121,Rubgy,9.0,7.0
1123,Baseball,10.0,12.0
1124,Rubgy,14.0,8.0
1125,Handball,6.0,4.0
1128,Water Polo,19.0,11.0
1132,Rubgy,11.0,13.0
1140,Rubgy,15.0,11.0
1144,Baseball,2.0,5.0
1147,Baseball,4.0,12.0
1150,Rubgy,6.0,15.0
1156,Rubgy,3.0,1.0
1161,Tennis,16.0,10.0
1163,Rubgy,16.0,19.0
1170,Basketball,8.0,13.0
1172,Rubgy,14.0,18.0
1175,Football,18.0,4.0
1178,Tennis,13.0,14.0
1185,Rubgy,19.0,10.0
1186,Rubgy,19.0,8.0
1187,Rubgy,1.0,7.0
1189,Baseball,6.0,15.0
1192,Baseball,9.0,6.0
1193,Rubgy,19.0,11.0
1207,Rubgy,6.0,14.0
1217,Tennis,15.0,6.0
1218,Hockey,3.0,9.0
1225,Rubgy,8.0,9.0
1231,Rubgy,19.0,10.0
1234,Handball,15.0,6.0
1235,Football,12.0,18.0
1236,Football,5.0,19.0
1237,Rubgy,11.0,7.0
1242,Tennis,13.0,6.0
1244,Football,12.0,9.0
1246,Rubgy,3.0,2.0
1247,Football,4.0,2.0
1258,Water Polo,10.0,5.0
1263,Tennis,7.0,11.0
1272,Tennis,14.0,11.0
1276,Rubgy,12.0,13.0
1277,Football,9.0,13.0
1280,Rubgy,4.0,1.0
1289,Baseball,12.0,4.0
1293,Rubgy,12.0,15.0
1295,Rubgy,2.0,14.0
1299,Tennis,9.0,8.0
1310,Baseball,14.0,5.0
1312,Rubgy,17.0,5.0
1322,Water Polo,15.0,4.0
1323,Water Polo,3.0,10.0
1324,Water Polo,11.0,19.0
1326,Water Polo,1.0,6.0
1328,Water Polo,6.0,11.0
1329,Water Polo,11.0,1.0
1331,Water Polo,4.0,2.0
1332,Judo,15.0,12.0
1333,Judo,13.0,19.0
1336,Judo,17.0,7.0
1341,Water Polo,12.0,1.0
1342,Judo,13.0,5.0
1343,Badminton,11.0,8.0
1347,Judo,1.0,11.0
1353,Football,7.0,14.0
1355,Judo,4.0,1.0
1358,Rubgy,6.0,18.0
1361,Baseball,1.0,18.0
1363,Rubgy,11.0,16.0
1365,Rubgy,3.0,1.0
1366,Rubgy,18.0,2.0
1388,Judo,1.0,5.0
1397,Rubgy,7.0,16.0
1399,Rubgy,14.0,10.0
1401,Rubgy,4.0,14.0
1413,Rubgy,8.0,2.0
1417,Rubgy,12.0,17.0
1423,Rubgy,2.0,11.0
1427,Boxe,10.0,13.0
1428,Rubgy,8.0,19.0
1437,Rubgy,2.0,17.0
1438,Boxe,13.0,6.0
1442,Rubgy,9.0,7.0
1457,Football,12.0,6.0
1480,Volleyball,6.0,7.0
1483,Volleyball,7.0,15.0
1497,Basketball,5.0,9.0
1507,Tennis,17.0,11.0
1518,Boxe,15.0,12.0
1519,Rubgy,9.0,15.0
1533,Rubgy,1.0,14.0
1537,Football,1.0,5.0
1542,Football,9.0,7.0
1545,Rubgy,1.0,12.0
1564,Football,2.0,10.0
1572,Rubgy,14.0,12.0
1573,Hockey,3.0,5.0
1596,Rubgy,8.0,1.0
1599,Basketball,14.0,10.0
1608,Boxe,18.0,9.0
1609,Volleyball,6.0,15.0
1613,Rubgy,13.0,11.0
1621,Rubgy,12.0,10.0
1623,Water Polo,2.0,4.0
1624,Rubgy,3.0,13.0
1631,Boxe,1.0,10.0
1633,Rubgy,9.0,8.0
1635,Rubgy,7.0,15.0
1639,Football,10.0,7.0
1649,Baseball,19.0,17.0
1650,Rubgy,14.0,11.0
1652,Baseball,14.0,11.0
1659,Rubgy,13.0,15.0
1660,Rubgy,1.0,7.0
1670,Tennis,6.0,9.0
1672,Rubgy,2.0,13.0
1687,Boxe,12.0,9.0
1694,Rubgy,15.0,1.0
1695,Rubgy,15.0,6.0
1696,Tennis,4.0,10.0
1718,Badminton,14.0,1.0
1719,Rubgy,3.0,12.0
1730,Rubgy,16.0,17.0
1732,Handball,15.0,8.0
1759,Rubgy,9.0,11.0
1784,Football,19.0,2.0
1798,Badminton,3.0,5.0
1807,Rubgy,11.0,2.0
1840,Rubgy,2.0,11.0
1856,Baseball,9.0,5.0
1859,Rubgy,17.0,12.0
1883,Football,4.0,11.0
1885,Football,1.0,3.0
1888,Football,1.0,4.0
1891,Judo,16.0,10.0
1892,Badminton,1.0,7.0
1893,Rubgy,6.0,12.0
1895,Football,1.0,7.0
1922,Rubgy,14.0,19.0
1933,Rubgy,10.0,2.0
1936,Tennis,19.0,16.0
1938,Rubgy,18.0,15.0
1939,Tennis,2.0,15.0
1940,Rubgy,11.0,4.0
1941,Rubgy,6.0,7.0
1942,Rubgy,14.0,13.0
1949,Rubgy,15.0,14.0
1952,Rubgy,12.0,1.0
1954,Rubgy,17.0,5.0
1955,Rubgy,19.0,16.0
1956,Rubgy,6.0,14.0
1957,Rubgy,17.0,5.0
1960,Rubgy,9.0,1.0
1962,Rubgy,17.0,11.0
1963,Handball,10.0,19.0
1969,Water Polo,5.0,6.0
1970,Judo,12.0,4.0
1971,Judo,10.0,19.0
1972,Water Polo,15.0,19.0
1973,Water Polo,11.0,4.0
1975,Water Polo,13.0,1.0
1976,Water Polo,11.0,5.0
1977,Water Polo,18.0,19.0
1978,Water Polo,4.0,7.0
1979,Water Polo,8.0,15.0
1980,Water Polo,2.0,6.0
1981,Water Polo,10.0,4.0
1982,Water Polo,2.0,16.0
1983,Water Polo,10.0,8.0
1984,Water Polo,1.0,17.0
1985,Water Polo,14.0,19.0
1987,Water Polo,1.0,12.0
1990,Water Polo,6.0,11.0
1991,Judo,3.0,4.0
1992,Judo,11.0,6.0
1994,Judo,3.0,2.0
1995,Judo,8.0,10.0
1998,Water Polo,3.0,13.0
1999,Water Polo,11.0,2.0
2022,Rubgy,4.0,9.0
2026,Judo,16.0,11.0
2027,Handball,16.0,12.0
2064,Baseball,9.0,2.0
2071,Rubgy,17.0,5.0
2075,Tennis,6.0,9.0
2104,Rubgy,2.0,7.0
2106,Tennis,6.0,15.0
2107,Judo,18.0,17.0
2114,Rubgy,19.0,2.0
2118,Badminton,19.0,5.0
2119,Water Polo,5.0,8.0
2121,Judo,8.0,7.0
2122,Judo,7.0,14.0
2125,Football,8.0,10.0
2131,Rubgy,13.0,12.0
2132,Rubgy,2.0,9.0
2145,Football,10.0,6.0
2156,Football,16.0,1.0
2171,Football,2.0,17.0
2178,Badminton,7.0,12.0
2179,Badminton,5.0,1.0
2180,Badminton,1.0,16.0
2188,Rubgy,15.0,4.0
2190,Rubgy,1.0,18.0
2194,Ping-Pong,18.0,8.0
2196,Basketball,15.0,17.0
2201,Rubgy,19.0,10.0
2202,Tennis,12.0,9.0
2207,Rubgy,18.0,8.0
2210,Badminton,4.0,12.0
2211,Badminton,9.0,4.0
2212,Volleyball,5.0,3.0
2226,Rubgy,14.0,15.0
2231,Rubgy,8.0,9.0
2236,Rubgy,10.0,3.0
2240,Rubgy,18.0,14.0
2243,Football,15.0,10.0
2245,Football,3.0,16.0
2248,Football,5.0,1.0
2262,Football,4.0,5.0
2264,Handball,18.0,14.0
2271,Rubgy,19.0,16.0
2272,Rubgy,15.0,13.0
2279,Judo,9.0,3.0
2281,Ping-Pong,1.0,19.0
2283,Rubgy,15.0,17.0
2298,Badminton,17.0,1.0
2304,Rubgy,8.0,12.0
2310,Rubgy,13.0,18.0
2312,Rubgy,16.0,17.0
2313,Rubgy,13.0,14.0
2314,Rubgy,9.0,2.0
2320,Volleyball,3.0,8.0
2323,Baseball,17.0,4.0
2331,Football,5.0,6.0
2333,Rubgy,6.0,9.0
2334,Boxe,6.0,13.0
2336,Rubgy,9.0,16.0
2337,Rubgy,13.0,2.0
2347,Rubgy,13.0,12.0
2348,Rubgy,1.0,14.0
2351,Rubgy,9.0,1.0
2353,Boxe,6.0,13.0
2357,Rubgy,11.0,17.0
2358,Tennis,12.0,9.0
2360,Rubgy,7.0,1.0
2362,Rubgy,3.0,7.0
2369,Football,7.0,16.0
2378,Handball,6.0,14.0
2379,Handball,7.0,4.0
2380,Handball,16.0,2.0
2381,Handball,2.0,10.0
2382,Handball,16.0,14.0
2383,Handball,18.0,15.0
2387,Handball,12.0,16.0
2396,Football,1.0,8.0
2419,Volleyball,8.0,5.0
2420,Rubgy,14.0,1.0
2432,Rubgy,12.0,15.0
2433,Rubgy,7.0,1.0
2435,Rubgy,2.0,7.0
2439,Rubgy,14.0,9.0
2442,Rubgy,1.0,7.0
2445,Rubgy,16.0,3.0
2446,Judo,3.0,1.0
2451,Water Polo,13.0,12.0
2458,Handball,3.0,2.0
2459,Water Polo,2.0,12.0
2460,Water Polo,19.0,16.0
2462,Water Polo,3.0,10.0
2465,Water Polo,8.0,10.0
2474,Rubgy,10.0,14.0
2490,Boxe,4.0,15.0
2493,Rubgy,18.0,8.0
2494,Baseball,15.0,17.0
2501,Rubgy,5.0,13.0
2502,Handball,4.0,15.0
2503,Rubgy,3.0,15.0
2506,Football,7.0,9.0
2512,Rubgy,11.0,16.0
2513,Water Polo,18.0,3.0
2515,Water Polo,1.0,10.0
2516,Water Polo,3.0,19.0
2517,Water Polo,5.0,15.0
2520,Rubgy,19.0,18.0
2522,Rubgy,18.0,10.0
2523,Volleyball,1.0,8.0
2534,Basketball,15.0,17.0
2538,Baseball,8.0,12.0
2540,Hockey,7.0,9.0
2541,Rubgy,11.0,13.0
2546,Rubgy,18.0,5.0
2548,Water Polo,4.0,11.0
2550,Judo,15.0,16.0
2557,Volleyball,3.0,11.0
2560,Judo,7.0,5.0
2575,Rubgy,15.0,18.0
2580,Handball,14.0,5.0
2589,Football,15.0,3.0
2590,Rubgy,13.0,10.0
2609,Rubgy,9.0,19.0
2611,Rubgy,7.0,14.0
2630,Rubgy,2.0,9.0
2634,Water Polo,4.0,5.0
2639,Rubgy,7.0,4.0
2644,Water Polo,17.0,1.0
2651,Water Polo,16.0,2.0
2652,Water Polo,2.0,7.0
2655,Water Polo,13.0,1.0
2676,Volleyball,6.0,1.0
2682,Rubgy,2.0,16.0
2691,Rubgy,7.0,11.0
2693,Baseball,15.0,2.0
2695,Rubgy,12.0,2.0
2697,Football,13.0,10.0
2702,Rubgy,1.0,13.0
2707,Badminton,4.0,14.0
2713,Judo,13.0,10.0
2719,Judo,1.0,5.0
2725,Rubgy,12.0,13.0
2739,Rubgy,2.0,14.0
2743,Rubgy,13.0,4.0
2744,Rubgy,8.0,1.0
2745,Rubgy,8.0,3.0
2754,Water Polo,7.0,11.0
2757,Rubgy,18.0,8.0
2771,Rubgy,6.0,3.0
2775,Rubgy,18.0,10.0
2782,Water Polo,5.0,18.0
2784,Water Polo,1.0,19.0
2787,Water Polo,19.0,14.0
2789,Water Polo,19.0,12.0
2790,Judo,4.0,8.0
2812,Boxe,19.0,13.0
2813,Baseball,8.0,7.0
2817,Basketball,17.0,15.0
2820,Rubgy,3.0,9.0
2839,Rubgy,11.0,6.0
2840,Volleyball,2.0,16.0
2848,Rubgy,19.0,16.0
2852,Rubgy,19.0,15.0
2856,Badminton,16.0,13.0
2862,Rubgy,11.0,19.0
2866,Rubgy,4.0,14.0
2868,Water Polo,2.0,8.0
2878,Water Polo,15.0,10.0
2881,Hockey,2.0,14.0
2882,Rubgy,11.0,10.0
2903,Judo,10.0,17.0
2908,Rubgy,16.0,4.0
2925,Rubgy,12.0,5.0
2928,Rubgy,7.0,1.0
2930,Baseball,2.0,14.0
2932,Rubgy,2.0,7.0
2939,Volleyball,11.0,14.0
2959,Hockey,9.0,5.0
2964,Rubgy,19.0,17.0
2965,Basketball,7.0,9.0
2967,Volleyball,7.0,1.0
2972,Tennis,16.0,4.0
2974,Judo,17.0,3.0
2976,Rubgy,14.0,4.0
2979,Rubgy,2.0,9.0
2982,Judo,2.0,1.0
2983,Badminton,13.0,1.0
2984,Baseball,3.0,14.0
2988,Rubgy,19.0,13.0
2992,Judo,18.0,1.0
2995,Judo,4.0,16.0
2996,Rubgy,12.0,7.0
3002,Baseball,14.0,5.0
3005,Badminton,11.0,7.0
3006,Volleyball,4.0,3.0
3007,Baseball,14.0,5.0
3010,Rubgy,6.0,12.0
3011,Rubgy,9.0,10.0
3015,Badminton,5.0,17.0
3016,Water Polo,13.0,7.0
3017,Water Polo,8.0,11.0
3021,Water Polo,11.0,15.0
3038,Rubgy,7.0,15.0
3053,Tennis,17.0,6.0
3055,Badminton,5.0,15.0
3063,Volleyball,8.0,17.0
3064,Volleyball,7.0,15.0
3077,Baseball,12.0,10.0
3078,Rubgy,12.0,15.0
3079,Football,12.0,6.0
3083,Rubgy,19.0,7.0
3089,Rubgy,17.0,7.0
3090,Rubgy,13.0,6.0
3091,Tennis,16.0,10.0
3095,Rubgy,11.0,1.0
3097,Football,1.0,7.0
3099,Football,6.0,9.0
3100,Rubgy,19.0,15.0
3101,Volleyball,16.0,9.0
3109,Rubgy,17.0,15.0
3111,Rubgy,13.0,11.0
3112,Rubgy,12.0,11.0
3115,Rubgy,2.0,14.0
3125,Rubgy,10.0,2.0
3134,Tennis,9.0,8.0
3135,Rubgy,6.0,15.0
3138,Rubgy,6.0,15.0
3141,Rubgy,1.0,3.0
3143,Tennis,6.0,12.0
3145,Rubgy,4.0,8.0
3148,Rubgy,15.0,8.0
3150,Volleyball,18.0,15.0
3152,Rubgy,19.0,4.0
3160,Rubgy,7.0,15.0
3171,Rubgy,8.0,16.0
3173,Rubgy,15.0,7.0
3178,Rubgy,6.0,17.0
3179,Rubgy,1.0,7.0
3182,Baseball,19.0,3.0
3183,Rubgy,14.0,3.0
3185,Rubgy,1.0,6.0
3192,Rubgy,8.0,5.0
3196,Tennis,6.0,11.0
3201,Rubgy,5.0,7.0
3203,Badminton,10.0,2.0
3210,Football,13.0,10.0
3211,Rubgy,12.0,5.0
3214,Rubgy,8.0,3.0
3217,Rubgy,7.0,6.0
3221,Rubgy,2.0,7.0
3224,Rubgy,17.0,1.0
3230,Badminton,6.0,8.0
3246,Rubgy,18.0,10.0
3247,Handball,18.0,14.0
3250,Rubgy,5.0,10.0
3252,Rubgy,15.0,7.0
3260,Rubgy,13.0,9.0
3261,Football,3.0,13.0
3265,Hockey,3.0,6.0
3270,Football,19.0,8.0
3271,Rubgy,18.0,4.0
3274,Volleyball,2.0,8.0
3275,Hockey,15.0,19.0
3280,Water Polo,12.0,1.0
3281,Baseball,1.0,19.0
3283,Basketball,17.0,3.0
3289,Rubgy,6.0,19.0
3294,Water Polo,1.0,9.0
3295,Rubgy,8.0,10.0
3296,Rubgy,1.0,13.0
3301,Handball,11.0,16.0
3303,Baseball,9.0,10.0
3307,Football,18.0,10.0
3316,Boxe,2.0,6.0
3323,Handball,5.0,10.0
3327,Baseball,3.0,2.0
3331,Rubgy,5.0,16.0
3338,Baseball,1.0,18.0
3342,Tennis,14.0,2.0
3350,Rubgy,3.0,7.0
3361,Football,6.0,3.0
3370,Volleyball,9.0,5.0
3374,Rubgy,13.0,18.0
3378,Rubgy,2.0,5.0
3379,Rubgy,10.0,5.0
3402,Football,18.0,9.0
3403,Volleyball,7.0,13.0
3408,Rubgy,16.0,11.0
3409,Volleyball,1.0,18.0
3415,Rubgy,8.0,18.0
3420,Volleyball,4.0,19.0
3423,Rubgy,9.0,10.0
3424,Rubgy,2.0,12.0
3428,Rubgy,14.0,19.0
3430,Ping-Pong,3.0,6.0
3442,Ping-Pong,8.0,18.0
3444,Basketball,11.0,15.0
3447,Rubgy,2.0,5.0
3449,Rubgy,9.0,14.0
3451,Rubgy,14.0,6.0
3455,Volleyball,15.0,3.0
3456,Rubgy,6.0,2.0
3462,Football,2.0,7.0
3468,Rubgy,4.0,17.0
3469,Rubgy,16.0,15.0
3478,Rubgy,11.0,5.0
3481,Football,12.0,3.0
3496,Rubgy,10.0,2.0
3498,Rubgy,18.0,1.0
3502,Rubgy,3.0,7.0
3510,Volleyball,19.0,1.0
3513,Volleyball,13.0,15.0
3514,Rubgy,9.0,19.0
3534,Rubgy,9.0,10.0
3536,Football,8.0,10.0
3539,Baseball,14.0,19.0
3550,Water Polo,3.0,5.0
3553,Volleyball,2.0,3.0
3559,Football,5.0,11.0
3567,Football,8.0,4.0
3580,Rubgy,5.0,18.0
3587,Water Polo,10.0,18.0
3609,Baseball,19.0,1.0
3618,Handball,5.0,7.0
3625,Baseball,5.0,3.0
3627,Judo,17.0,16.0
3632,Handball,18.0,16.0
3634,Badminton,9.0,1.0
3637,Rubgy,13.0,15.0
3641,Rubgy,17.0,15.0
3649,Rubgy,12.0,4.0
3652,Water Polo,17.0,10.0
3653,Baseball,19.0,6.0
3655,Rubgy,1.0,2.0
3678,Rubgy,8.0,13.0
3680,Baseball,12.0,4.0
3682,Hockey,3.0,5.0
3685,Football,10.0,7.0
3708,Judo,11.0,12.0
3709,Water Polo,4.0,19.0
3711,Rubgy,11.0,7.0
3713,Rubgy,7.0,18.0
3714,Rubgy,9.0,10.0
3715,Handball,5.0,18.0
3720,Rubgy,17.0,10.0
3723,Rubgy,6.0,12.0
3724,Tennis,14.0,17.0
3726,Boxe,5.0,1.0
3729,Hockey,1.0,13.0
3731,Volleyball,13.0,15.0
3733,Rubgy,9.0,13.0
3736,Rubgy,10.0,3.0
3738,Rubgy,11.0,7.0
3742,Tennis,11.0,16.0
3746,Rubgy,2.0,13.0
3747,Rubgy,2.0,15.0
3755,Volleyball,8.0,13.0
3756,Rubgy,11.0,19.0
3761,Hockey,14.0,9.0
3769,Basketball,14.0,3.0
3774,Football,19.0,7.0
3789,Rubgy,8.0,13.0
3790,Rubgy,19.0,2.0
3791,Rubgy,14.0,18.0
3795,Rubgy,1.0,17.0
3797,Badminton,2.0,15.0
3808,Tennis,2.0,7.0
3810,Volleyball,12.0,15.0
3811,Tennis,5.0,15.0
3813,Rubgy,3.0,12.0
3816,Rubgy,9.0,18.0
3823,Rubgy,11.0,1.0
3825,Football,5.0,11.0
3835,Badminton,17.0,14.0
3838,Water Polo,17.0,2.0
3840,Water Polo,9.0,12.0
3843,Water Polo,15.0,12.0
3844,Rubgy,15.0,7.0
3845,Rubgy,4.0,7.0
3847,Water Polo,16.0,1.0
3857,Badminton,8.0,14.0
3859,Baseball,18.0,2.0
3870,Rubgy,19.0,18.0
3872,Rubgy,2.0,13.0
3879,Boxe,8.0,19.0
3894,Rubgy,11.0,2.0
3908,Water Polo,8.0,19.0
3914,Rubgy,16.0,3.0
3915,Rubgy,7.0,1.0
3916,Rubgy,10.0,8.0
3917,Water Polo,2.0,1.0
3918,Water Polo,12.0,3.0
3919,Water Polo,2.0,17.0
3938,Water Polo,3.0,16.0
3939,Water Polo,17.0,10.0
3940,Water Polo,8.0,17.0
3941,Water Polo,1.0,15.0
3942,Water Polo,10.0,12.0
3947,Hockey,18.0,4.0
3949,Rubgy,14.0,10.0
3950,Rubgy,9.0,15.0
3952,Volleyball,5.0,8.0
3958,Rubgy,1.0,17.0
3967,Rubgy,5.0,4.0
3969,Rubgy,18.0,2.0
3980,Rubgy,7.0,16.0
3985,Tennis,18.0,6.0
3989,Baseball,9.0,10.0
3998,Rubgy,10.0,2.0
4007,Rubgy,7.0,3.0
4008,Tennis,1.0,6.0
4009,Rubgy,5.0,8.0
4017,Rubgy,19.0,16.0
4019,Rubgy,17.0,12.0
4021,Rubgy,14.0,3.0
4022,Rubgy,18.0,14.0
4023,Football,12.0,4.0
4025,Handball,18.0,15.0
4030,Water Polo,3.0,5.0
4046,Rubgy,8.0,17.0
4047,Tennis,7.0,9.0
4055,Rubgy,11.0,18.0
4062,Football,13.0,7.0
4063,Football,6.0,13.0
4065,Ping-Pong,13.0,5.0
4074,Rubgy,3.0,14.0
4077,Volleyball,16.0,13.0
4078,Rubgy,9.0,13.0
4082,Football,19.0,7.0
4083,Badminton,1.0,6.0
4093,Badminton,8.0,10.0
4109,Volleyball,8.0,6.0
4110,Badminton,15.0,5.0
4111,Tennis,2.0,16.0
4113,Rubgy,2.0,15.0
4117,Rubgy,16.0,19.0
4124,Judo,16.0,6.0
4126,Rubgy,15.0,14.0
4147,Football,9.0,15.0
4148,Judo,10.0,15.0
4152,Rubgy,14.0,13.0
4159,Boxe,3.0,8.0
4164,Rubgy,5.0,2.0
4167,Badminton,19.0,10.0
4171,Baseball,16.0,5.0
4174,Rubgy,8.0,9.0
4178,Rubgy,14.0,19.0
4184,Football,18.0,15.0
4187,Rubgy,5.0,19.0
4189,Rubgy,1.0,13.0
4190,Rubgy,2.0,19.0
4191,Football,19.0,1.0
4203,Ping-Pong,14.0,2.0
4205,Football,16.0,5.0
4211,Rubgy,16.0,19.0
4217,Baseball,19.0,4.0
4223,Tennis,4.0,1.0
4224,Boxe,13.0,14.0
4234,Volleyball,12.0,13.0
4235,Volleyball,7.0,15.0
4236,Baseball,16.0,11.0
4237,Baseball,14.0,4.0
4246,Football,6.0,5.0
4251,Volleyball,6.0,11.0
4252,Rubgy,7.0,15.0
4256,Rubgy,9.0,16.0
4260,Rubgy,11.0,19.0
4262,Ping-Pong,19.0,11.0
4263,Rubgy,10.0,9.0
4265,Boxe,13.0,4.0
4273,Rubgy,2.0,7.0
4278,Baseball,17.0,12.0
4280,Football,7.0,16.0
4291,Handball,17.0,1.0
4292,Rubgy,17.0,16.0
4297,Rubgy,15.0,12.0
4300,Rubgy,14.0,7.0
4304,Baseball,12.0,3.0
4313,Rubgy,8.0,6.0
4316,Rubgy,14.0,2.0
4325,Rubgy,4.0,14.0
4333,Handball,5.0,12.0
4334,Rubgy,4.0,1.0
4338,Tennis,13.0,19.0
4344,Ping-Pong,16.0,5.0
4345,Rubgy,3.0,13.0
4357,Football,4.0,16.0
4384,Rubgy,13.0,17.0
4387,Basketball,9.0,8.0
4389,Rubgy,13.0,5.0
4393,Rubgy,7.0,5.0
4395,Handball,17.0,14.0
4403,Water Polo,19.0,1.0
4408,Rubgy,18.0,9.0
4420,Rubgy,17.0,3.0
4422,Rubgy,7.0,8.0
4427,Rubgy,5.0,13.0
4429,Rubgy,2.0,10.0
4433,Rubgy,5.0,10.0
4437,Water Polo,16.0,8.0
4439,Rubgy,12.0,6.0
4440,Boxe,19.0,6.0
4441,Basketball,6.0,11.0
4449,Rubgy,17.0,2.0
4451,Football,11.0,7.0
4463,Tennis,6.0,8.0
4464,Football,18.0,4.0
4465,Rubgy,13.0,19.0
4466,Ping-Pong,2.0,9.0
4470,Rubgy,10.0,9.0
4473,Tennis,8.0,9.0
4475,Tennis,7.0,4.0
4482,Rubgy,1.0,16.0
4484,Rubgy,18.0,9.0
4488,Ping-Pong,4.0,19.0
4508,Rubgy,3.0,9.0
4521,Rubgy,4.0,19.0
4531,Basketball,10.0,15.0
4537,Rubgy,14.0,18.0
4541,Water Polo,7.0,17.0
4546,Volleyball,3.0,19.0
4557,Rubgy,13.0,7.0
4568,Basketball,12.0,15.0
4572,Ping-Pong,19.0,9.0
4574,Boxe,6.0,3.0
4577,Tennis,15.0,1.0
4581,Rubgy,17.0,19.0
4584,Football,4.0,16.0
4595,Rubgy,17.0,11.0
4599,Rubgy,1.0,6.0
4612,Rubgy,5.0,4.0
4614,Basketball,10.0,15.0
4615,Rubgy,8.0,17.0
4616,Rubgy,2.0,1.0
4630,Basketball,17.0,18.0
4632,Boxe,9.0,10.0
4636,Basketball,6.0,3.0
4644,Football,18.0,3.0
4662,Handball,4.0,5.0
4670,Judo,10.0,12.0
4671,Rubgy,16.0,10.0
4677,Handball,10.0,11.0
4703,Rubgy,18.0,5.0
4711,Baseball,14.0,17.0
4715,Water Polo,16.0,14.0
4723,Rubgy,3.0,4.0
4725,Judo,12.0,3.0
4736,Football,9.0,18.0
4741,Football,15.0,17.0
4744,Water Polo,4.0,16.0
4765,Rubgy,3.0,6.0
4769,Baseball,16.0,7.0
4770,Badminton,4.0,6.0
4771,Rubgy,4.0,8.0
4772,Rubgy,18.0,19.0
4774,Handball,3.0,5.0
4780,Rubgy,7.0,1.0
4783,Baseball,9.0,11.0
4784,Rubgy,1.0,19.0
4786,Judo,6.0,7.0
4787,Rubgy,9.0,1.0
4792,Water Polo,8.0,19.0
4801,Rubgy,13.0,18.0
4803,Volleyball,15.0,9.0
4809,Rubgy,12.0,14.0
4810,Rubgy,3.0,10.0
4814,Badminton,6.0,1.0
4815,Rubgy,18.0,8.0
4827,Water Polo,15.0,10.0
4835,Rubgy,4.0,16.0
4845,Handball,18.0,10.0
4847,Rubgy,11.0,19.0
4852,Water Polo,9.0,17.0
4862,Rubgy,3.0,14.0
4863,Handball,6.0,9.0
4866,Basketball,1.0,3.0
4876,Judo,12.0,16.0
4880,Rubgy,1.0,2.0
4883,Rubgy,11.0,5.0
4885,Badminton,1.0,7.0
4888,Rubgy,10.0,8.0
4893,Judo,4.0,12.0
4901,Hockey,13.0,19.0
4903,Rubgy,7.0,19.0
4916,Tennis,18.0,11.0
4917,Rubgy,19.0,2.0
4928,Rubgy,4.0,7.0
4947,Basketball,19.0,1.0
4954,Handball,10.0,3.0
4959,Rubgy,19.0,8.0
4961,Baseball,2.0,3.0
4967,Tennis,5.0,2.0
4970,Rubgy,14.0,9.0
4976,Rubgy,19.0,3.0
4977,Rubgy,14.0,19.0
4991,Football,4.0,7.0
4994,Football,2.0,6.0
5009,Rubgy,11.0,8.0
5014,Rubgy,8.0,12.0
5016,Rubgy,17.0,9.0
5023,Rubgy,18.0,7.0
5028,Rubgy,14.0,6.0
5033,Volleyball,2.0,7.0
5051,Football,6.0,18.0
5059,Baseball,14.0,4.0
5068,Rubgy,18.0,3.0
5073,Rubgy,11.0,15.0
5093,Boxe,7.0,2.0
5095,Handball,4.0,10.0
5107,Tennis,1.0,17.0
5111,Volleyball,3.0,15.0
5112,Rubgy,3.0,7.0
5113,Handball,1.0,7.0
5114,Rubgy,16.0,2.0
5137,Baseball,4.0,11.0
5147,Rubgy,11.0,18.0
5155,Basketball,8.0,15.0
5165,Water Polo,11.0,7.0
5197,Rubgy,3.0,5.0
5198,Volleyball,17.0,15.0
5202,Rubgy,17.0,15.0
5212,Basketball,18.0,13.0
5221,Rubgy,1.0,17.0
5224,Baseball,8.0,13.0
5237,Rubgy,15.0,19.0
5238,Rubgy,10.0,17.0
5256,Rubgy,8.0,18.0
5258,Rubgy,15.0,18.0
5266,Badminton,2.0,14.0
5267,Rubgy,4.0,8.0
5272,Rubgy,10.0,3.0
5275,Rubgy,3.0,7.0
5282,Badminton,6.0,1.0
5285,Handball,17.0,3.0
5293,Volleyball,12.0,13.0
5297,Volleyball,17.0,16.0
5304,Tennis,1.0,2.0
5322,Rubgy,17.0,14.0
5325,Baseball,17.0,11.0
5338,Rubgy,12.0,9.0
5341,Rubgy,19.0,2.0
5345,Rubgy,8.0,1.0
5347,Rubgy,12.0,10.0
5364,Volleyball,3.0,15.0
5377,Football,4.0,12.0
5379,Rubgy,14.0,18.0
5380,Football,12.0,3.0
5385,Baseball,3.0,5.0
5387,Volleyball,1.0,12.0
5391,Rubgy,19.0,7.0
5398,Rubgy,1.0,13.0
5400,Volleyball,7.0,3.0
5409,Basketball,17.0,9.0
5421,Rubgy,14.0,12.0
5425,Tennis,11.0,6.0
5447,Rubgy,3.0,13.0
5450,Football,15.0,12.0
5451,Football,2.0,11.0
5466,Football,15.0,1.0
5476,Judo,12.0,8.0
5483,Baseball,13.0,15.0
5485,Football,2.0,19.0
5489,Water Polo,17.0,11.0
5498,Rubgy,1.0,11.0
5503,Football,6.0,9.0
5515,Rubgy,12.0,17.0
5521,Ping-Pong,15.0,1.0
5525,Football,8.0,9.0
5528,Volleyball,10.0,5.0
5531,Rubgy,19.0,8.0
5562,Volleyball,14.0,7.0
5564,Badminton,8.0,5.0
5573,Handball,15.0,2.0
5580,Basketball,9.0,18.0
5588,Water Polo,10.0,7.0
5602,Handball,8.0,16.0
5603,Handball,19.0,18.0
5608,Volleyball,1.0,6.0
5609,Boxe,5.0,19.0
5612,Boxe,16.0,3.0
5615,Rubgy,2.0,14.0
5617,Football,10.0,5.0
5619,Baseball,1.0,18.0
5632,Rubgy,16.0,5.0
5633,Rubgy,14.0,2.0
5635,Rubgy,11.0,4.0
5636,Handball,4.0,3.0
5637,Rubgy,14.0,11.0
5643,Baseball,12.0,19.0
5644,Rubgy,8.0,13.0
5649,Water Polo,8.0,9.0
5663,Water Polo,18.0,16.0
5668,Rubgy,3.0,8.0
5669,Baseball,7.0,12.0
5673,Football,9.0,15.0
5682,Rubgy,10.0,2.0
5684,Baseball,1.0,11.0
5693,Football,16.0,10.0
5696,Rubgy,1.0,6.0
5721,Rubgy,8.0,1.0
5733,Badminton,2.0,6.0
5747,Tennis,6.0,1.0
5767,Handball,18.0,10.0
5772,Rubgy,10.0,15.0
5784,Water Polo,10.0,15.0
5788,Rubgy,18.0,8.0
5810,Rubgy,7.0,15.0
5817,Tennis,11.0,16.0
5828,Volleyball,16.0,15.0
5829,Football,2.0,9.0
5838,Rubgy,19.0,2.0
5847,Rubgy,12.0,7.0
5856,Football,2.0,13.0
5873,Rubgy,3.0,4.0
5875,Rubgy,10.0,7.0
5883,Judo,12.0,7.0
5891,Judo,8.0,19.0
5902,Football,9.0,3.0
5912,Handball,4.0,10.0
5925,Water Polo,8.0,13.0
5932,Baseball,19.0,10.0
5947,Rubgy,6.0,16.0
5949,Badminton,5.0,7.0
5951,Rubgy,8.0,5.0
5953,Tennis,11.0,9.0
5955,Rubgy,16.0,3.0
5961,Boxe,15.0,4.0
5962,Volleyball,3.0,12.0
5963,Rubgy,11.0,6.0
5969,Football,2.0,12.0
5970,Football,19.0,15.0
5986,Rubgy,3.0,1.0
5988,Rubgy,5.0,10.0
5993,Rubgy,17.0,18.0
5995,Tennis,4.0,10.0
6002,Rubgy,15.0,2.0
6022,Rubgy,1.0,7.0
6040,Judo,4.0,18.0
6041,Rubgy,9.0,17.0
6044,Judo,8.0,6.0
6049,Rubgy,16.0,15.0
6055,Rubgy,4.0,11.0
6057,Ping-Pong,9.0,14.0
6058,Judo,1.0,11.0
6059,Boxe,6.0,19.0
6062,Baseball,3.0,9.0
6067,Handball,16.0,18.0
6070,Rubgy,16.0,1.0
6107,Tennis,17.0,10.0
6123,Baseball,12.0,10.0
6143,Handball,1.0,16.0
6145,Judo,8.0,15.0
6181,Tennis,8.0,11.0
6185,Hockey,12.0,5.0
6195,Baseball,6.0,17.0
6196,Hockey,9.0,1.0
6202,Football,2.0,8.0
6216,Rubgy,14.0,3.0
6217,Rubgy,9.0,6.0
6218,Football,3.0,8.0
6222,Rubgy,10.0,18.0
6225,Rubgy,14.0,7.0
6235,Tennis,17.0,10.0
6237,Rubgy,14.0,7.0
6238,Football,5.0,2.0
6241,Football,14.0,2.0
6244,Rubgy,13.0,2.0
6246,Rubgy,15.0,11.0
6266,Football,1.0,11.0
6267,Volleyball,7.0,16.0
6268,Football,10.0,15.0
6269,Baseball,2.0,9.0
6271,Football,12.0,9.0
6281,Volleyball,16.0,19.0
6285,Rubgy,9.0,3.0
6290,Water Polo,17.0,1.0
6298,Handball,16.0,14.0
6299,Baseball,15.0,8.0
6301,Volleyball,2.0,1.0
6306,Baseball,11.0,10.0
6314,Handball,10.0,14.0
6327,Baseball,15.0,10.0
6329,Rubgy,9.0,11.0
6331,Baseball,13.0,6.0
6334,Rubgy,16.0,12.0
6336,Rubgy,9.0,16.0
6341,Rubgy,13.0,18.0
6342,Football,16.0,2.0
6344,Football,4.0,6.0
6368,Baseball,19.0,14.0
6370,Football,11.0,1.0
6375,Baseball,1.0,17.0
6379,Judo,18.0,1.0
6380,Baseball,3.0,15.0
6382,Rubgy,4.0,14.0
6385,Rubgy,16.0,19.0
6400,Baseball,12.0,15.0
6417,Basketball,9.0,8.0
6436,Rubgy,17.0,19.0
6440,Volleyball,12.0,18.0
6449,Rubgy,19.0,11.0
6452,Rubgy,7.0,10.0
6453,Baseball,12.0,14.0
6454,Rubgy,1.0,9.0
6460,Rubgy,7.0,17.0
6465,Rubgy,13.0,15.0
6477,Rubgy,17.0,19.0
6484,Ping-Pong,3.0,5.0
6493,Football,12.0,5.0
6506,Boxe,19.0,2.0
6514,Water Polo,7.0,15.0
6516,Rubgy,14.0,15.0
6517,Rubgy,7.0,8.0
6549,Football,6.0,5.0
6553,Rubgy,6.0,1.0
6565,Rubgy,17.0,18.0
6571,Rubgy,19.0,11.0
6572,Handball,2.0,13.0
6591,Rubgy,17.0,7.0
6592,Rubgy,12.0,2.0
6595,Boxe,9.0,3.0
6596,Football,15.0,9.0
6598,Baseball,19.0,10.0
6609,Rubgy,17.0,10.0
6611,Rubgy,12.0,7.0
6614,Handball,5.0,9.0
6639,Volleyball,7.0,19.0
6643,Rubgy,3.0,1.0
6662,Handball,7.0,14.0
6663,Handball,19.0,3.0
6667,Baseball,2.0,15.0
6669,Rubgy,12.0,13.0
6671,Rubgy,9.0,6.0
6679,Baseball,19.0,8.0
6689,Football,6.0,3.0
6692,Baseball,10.0,9.0
6695,Judo,1.0,12.0
6699,Rubgy,1.0,15.0
6706,Rubgy,18.0,7.0
6707,Judo,7.0,1.0
6710,Football,19.0,4.0
6711,Football,17.0,7.0
6715,Water Polo,12.0,13.0
6723,Basketball,9.0,8.0
6748,Water Polo,13.0,10.0
6750,Football,8.0,7.0
6751,Volleyball,3.0,6.0
6752,Rubgy,5.0,7.0
6765,Football,18.0,11.0
6768,Rubgy,6.0,13.0
6772,Baseball,14.0,8.0
6775,Baseball,11.0,4.0
6777,Rubgy,4.0,17.0
6780,Baseball,12.0,18.0
6786,Rubgy,16.0,5.0
6787,Volleyball,7.0,19.0
6788,Football,10.0,16.0
6791,Rubgy,1.0,8.0
6804,Handball,11.0,16.0
6809,Badminton,10.0,13.0
6810,Volleyball,12.0,16.0
6818,Tennis,16.0,6.0
6832,Rubgy,2.0,11.0
6837,Football,9.0,17.0
6858,Rubgy,3.0,16.0
6880,Water Polo,12.0,16.0
6887,Rubgy,12.0,7.0
6890,Rubgy,5.0,10.0
6898,Rubgy,2.0,19.0
6909,Badminton,11.0,8.0
6918,Rubgy,11.0,2.0
6935,Baseball,19.0,2.0
6938,Baseball,19.0,16.0
6942,Football,10.0,3.0
6945,Baseball,19.0,3.0
6948,Baseball,9.0,1.0
6952,Judo,1.0,8.0
6957,Handball,4.0,1.0
6961,Rubgy,4.0,14.0
6962,Baseball,15.0,19.0
6963,Baseball,7.0,5.0
6965,Baseball,7.0,5.0
6971,Volleyball,15.0,11.0
6974,Handball,3.0,15.0
6981,Rubgy,10.0,16.0
6982,Tennis,9.0,14.0
6984,Rubgy,14.0,5.0
6985,Rubgy,3.0,15.0
6993,Football,7.0,1.0
6998,Rubgy,1.0,9.0
7009,Rubgy,1.0,11.0
7017,Boxe,19.0,3.0
7020,Football,18.0,9.0
7023,Football,7.0,9.0
7024,Rubgy,12.0,9.0
7025,Tennis,1.0,6.0
7028,Handball,15.0,5.0
7030,Rubgy,6.0,14.0
7031,Hockey,1.0,9.0
7040,Hockey,13.0,6.0
7041,Handball,4.0,6.0
7047,Ping-Pong,3.0,12.0
7054,Rubgy,14.0,13.0
7056,Ping-Pong,2.0,9.0
7062,Rubgy,9.0,3.0
7065,Tennis,18.0,1.0
7069,Rubgy,13.0,10.0
7071,Rubgy,7.0,14.0
7076,Hockey,5.0,15.0
7078,Rubgy,16.0,2.0
7079,Rubgy,11.0,1.0
7083,Rubgy,5.0,9.0
7096,Baseball,6.0,15.0
7108,Ping-Pong,3.0,10.0
7124,Baseball,3.0,11.0
7125,Rubgy,11.0,16.0
7131,Rubgy,13.0,9.0
7134,Volleyball,7.0,6.0
7137,Football,10.0,5.0
7141,Baseball,14.0,4.0
7158,Rubgy,19.0,11.0
7167,Rubgy,16.0,5.0
7171,Baseball,16.0,3.0
7176,Rubgy,14.0,13.0
7177,Rubgy,10.0,12.0
7178,Rubgy,10.0,19.0
7181,Rubgy,9.0,8.0
7190,Rubgy,17.0,12.0
7192,Basketball,15.0,3.0
7202,Water Polo,8.0,5.0
7219,Rubgy,12.0,16.0
7225,Baseball,8.0,17.0
7234,Rubgy,18.0,12.0
7238,Tennis,6.0,7.0
7243,Rubgy,7.0,15.0
7245,Judo,10.0,2.0
7251,Rubgy,9.0,6.0
7260,Football,7.0,3.0
7263,Rubgy,4.0,16.0
7265,Rubgy,19.0,14.0
7285,Rubgy,12.0,9.0
7299,Rubgy,17.0,2.0
7301,Rubgy,2.0,15.0
7303,Tennis,9.0,14.0
7310,Basketball,12.0,15.0
7321,Badminton,13.0,19.0
7327,Rubgy,2.0,10.0
7328,Rubgy,19.0,13.0
7336,Tennis,6.0,7.0
7344,Handball,12.0,17.0
7348,Badminton,17.0,1.0
7349,Rubgy,16.0,17.0
7352,Football,1.0,5.0
7354,Football,9.0,10.0
7366,Football,4.0,12.0
7367,Handball,19.0,13.0
7372,Rubgy,17.0,7.0
7376,Basketball,1.0,17.0
7396,Rubgy,8.0,7.0
7440,Baseball,15.0,16.0
7443,Baseball,3.0,9.0
7455,Rubgy,17.0,14.0
7477,Judo,3.0,1.0
7479,Rubgy,7.0,9.0
7487,Rubgy,8.0,4.0
7493,Rubgy,15.0,11.0
7564,Water Polo,2.0,16.0
7572,Rubgy,17.0,15.0
7579,Football,12.0,2.0
7581,Rubgy,9.0,18.0
7615,Rubgy,19.0,3.0
7618,Rubgy,18.0,15.0
7619,Rubgy,7.0,16.0
7624,Rubgy,8.0,3.0
7636,Judo,8.0,14.0
7650,Water Polo,10.0,18.0
7707,Football,5.0,6.0
7745,Rubgy,5.0,11.0
7749,Rubgy,6.0,9.0
7753,Rubgy,5.0,3.0
7762,Volleyball,16.0,1.0
7767,Rubgy,17.0,18.0
7773,Rubgy,9.0,17.0
7786,Baseball,11.0,7.0
7789,Rubgy,17.0,2.0
7792,Badminton,5.0,16.0
7882,Water Polo,13.0,8.0
7899,Basketball,14.0,12.0
7920,Handball,12.0,1.0
7932,Baseball,11.0,17.0
7936,Tennis,17.0,10.0
7937,Rubgy,14.0,15.0
7938,Rubgy,17.0,12.0
7939,Rubgy,4.0,3.0
7940,Rubgy,12.0,17.0
7944,Volleyball,14.0,13.0
7976,Rubgy,17.0,5.0
7987,Water Polo,15.0,4.0
8010,Rubgy,8.0,18.0
8011,Baseball,4.0,9.0
8014,Rubgy,9.0,4.0
8024,Football,9.0,6.0
8025,Rubgy,6.0,12.0
8057,Rubgy,15.0,16.0
8119,Rubgy,12.0,9.0
8126,Rubgy,17.0,2.0
8128,Rubgy,18.0,1.0
8143,Rubgy,8.0,3.0
8153,Rubgy,9.0,5.0
8154,Rubgy,5.0,18.0
8188,Rubgy,11.0,3.0
8191,Rubgy,14.0,16.0
8199,Volleyball,4.0,15.0
8225,Water Polo,4.0,7.0
8238,Handball,18.0,2.0
8261,Rubgy,5.0,9.0
8264,Baseball,18.0,15.0
8268,Boxe,8.0,6.0
8270,Football,9.0,7.0
8302,Football,2.0,10.0
8335,Rubgy,12.0,5.0
8337,Tennis,10.0,11.0
8338,Rubgy,14.0,4.0
8340,Volleyball,2.0,5.0
8362,Football,5.0,9.0
8364,Rubgy,14.0,7.0
8375,Baseball,4.0,6.0
8378,Rubgy,16.0,7.0
8379,Rubgy,10.0,14.0
8387,Handball,12.0,17.0
8451,Rubgy,1.0,3.0
8458,Rubgy,4.0,1.0
8461,Tennis,1.0,5.0
8462,Rubgy,11.0,15.0
8463,Rubgy,6.0,16.0
8484,Tennis,19.0,15.0
8494,Rubgy,19.0,14.0
8501,Boxe,13.0,9.0
8518,Rubgy,10.0,1.0
8529,Football,16.0,12.0
8532,Rubgy,17.0,18.0
8577,Baseball,1.0,15.0
8587,Baseball,12.0,18.0
8593,Hockey,5.0,6.0
8596,Handball,13.0,12.0
8617,Rubgy,10.0,7.0
8622,Baseball,11.0,1.0
8650,Rubgy,7.0,8.0
8718,Rubgy,16.0,10.0
8724,Tennis,7.0,15.0
8727,Rubgy,3.0,13.0
8753,Baseball,19.0,4.0
8754,Rubgy,8.0,3.0
8755,Baseball,12.0,19.0
8772,Volleyball,9.0,3.0
8781,Badminton,6.0,19.0
8784,Football,3.0,19.0
8798,Hockey,11.0,9.0
8804,Rubgy,9.0,7.0
8813,Rubgy,1.0,7.0
8815,Judo,12.0,16.0
8835,Volleyball,10.0,11.0
8840,Rubgy,8.0,12.0
8848,Rubgy,16.0,8.0
8875,Rubgy,6.0,4.0
8880,Rubgy,15.0,14.0
8906,Water Polo,19.0,15.0
8915,Rubgy,12.0,18.0
8920,Rubgy,6.0,2.0
8938,Baseball,17.0,19.0
8948,Football,6.0,3.0
8949,Football,5.0,17.0
8951,Rubgy,1.0,5.0
8952,Rubgy,17.0,10.0
8954,Baseball,10.0,17.0
8958,Rubgy,14.0,1.0
8964,Rubgy,13.0,9.0
8966,Rubgy,5.0,1.0
8969,Football,15.0,3.0
8970,Rubgy,3.0,5.0
8973,Volleyball,15.0,4.0
8979,Baseball,7.0,1.0
8987,Baseball,12.0,14.0
8998,Baseball,7.0,9.0
25753,Rubgy,18.0,2.0
25795,Football,9.0,5.0
25805,Football,1.0,10.0
25841,Rubgy,18.0,12.0
25850,Football,8.0,5.0
25898,Rubgy,5.0,1.0
25999,Rubgy,7.0,9.0
26048,Tennis,1.0,10.0
26059,Rubgy,1.0,15.0
26073,Tennis,5.0,1.0
26078,Rubgy,2.0,3.0
26082,Rubgy,5.0,2.0
26116,Judo,10.0,19.0
26131,Tennis,18.0,9.0
26147,Football,7.0,15.0
26150,Tennis,1.0,18.0
26159,Ping-Pong,16.0,2.0
26169,Ping-Pong,6.0,8.0
26172,Hockey,10.0,17.0
26303,Judo,12.0,2.0
26322,Ping-Pong,1.0,11.0
26326,Rubgy,18.0,8.0
26344,Hockey,2.0,19.0
26347,Football,15.0,6.0
26350,Rubgy,14.0,15.0
26357,Judo,14.0,16.0
26359,Tennis,11.0,1.0
26366,Baseball,6.0,14.0
26399,Basketball,17.0,6.0
26464,Ping-Pong,6.0,13.0
26498,Rubgy,16.0,10.0
26523,Judo,1.0,2.0
26524,Baseball,19.0,10.0
26539,Rubgy,18.0,12.0
26562,Rubgy,1.0,13.0
26578,Rubgy,1.0,14.0
26599,Football,5.0,10.0
26622,Rubgy,7.0,6.0
26694,Rubgy,16.0,14.0
26695,Rubgy,10.0,16.0
26696,Basketball,15.0,7.0
26700,Handball,7.0,16.0
26712,Baseball,9.0,4.0
26729,Baseball,19.0,7.0
26745,Football,4.0,10.0
26777,Rubgy,19.0,2.0
26797,Baseball,7.0,6.0
26810,Rubgy,13.0,15.0
26812,Rubgy,3.0,7.0
26928,Football,7.0,14.0
26965,Volleyball,3.0,12.0
26974,Rubgy,3.0,1.0
27006,Rubgy,18.0,5.0
27124,Volleyball,4.0,15.0
27140,Water Polo,2.0,14.0
27176,Baseball,7.0,3.0
27255,Rubgy,2.0,16.0
27329,Baseball,19.0,15.0
27373,Rubgy,2.0,4.0
27408,Volleyball,13.0,12.0
27416,Football,15.0,12.0
27513,Rubgy,10.0,8.0
27644,Football,5.0,11.0
27664,Rubgy,17.0,1.0
27667,Water Polo,18.0,6.0
27746,Judo,7.0,11.0
27768,Rubgy,3.0,18.0
27769,Rubgy,17.0,6.0
27772,Water Polo,3.0,1.0
27776,Rubgy,13.0,5.0
27801,Boxe,12.0,4.0
27802,Hockey,2.0,18.0
27803,Rubgy,10.0,18.0
27808,Football,7.0,5.0
27815,Rubgy,19.0,7.0
27821,Volleyball,16.0,9.0
27822,Volleyball,14.0,7.0
27826,Football,1.0,19.0
27829,Baseball,3.0,19.0
27834,Rubgy,10.0,2.0
27838,Volleyball,15.0,1.0
27846,Baseball,9.0,4.0
27850,Baseball,13.0,3.0
27866,Rubgy,18.0,8.0
27873,Baseball,8.0,5.0
27878,Baseball,2.0,13.0
27879,Baseball,13.0,10.0
27882,Baseball,17.0,15.0
27912,Baseball,17.0,7.0
30707,Rubgy,5.0,8.0
30749,Tennis,16.0,4.0
30812,Rubgy,19.0,14.0
30820,Rubgy,15.0,7.0
30848,Rubgy,15.0,8.0
30850,Rubgy,19.0,14.0
30890,Rubgy,3.0,14.0
30898,Football,12.0,17.0
31101,Ping-Pong,16.0,1.0
31116,Tennis,6.0,9.0
31123,Handball,4.0,2.0
31225,Rubgy,17.0,5.0
31260,Rubgy,3.0,4.0
31410,Tennis,11.0,1.0
31420,Hockey,1.0,9.0
31435,Rubgy,1.0,17.0
31437,Rubgy,2.0,7.0
31522,Rubgy,5.0,9.0
31610,Rubgy,7.0,11.0
31702,Tennis,6.0,3.0
31973,Tennis,10.0,13.0
32009,Football,13.0,4.0
32011,Judo,2.0,14.0
32029,Hockey,11.0,14.0
32058,Rubgy,7.0,11.0
32139,Rubgy,5.0,18.0
32234,Rubgy,15.0,19.0
32294,Rubgy,18.0,15.0
32302,Baseball,11.0,7.0
32582,Baseball,11.0,4.0
32584,Rubgy,15.0,18.0
32600,Rubgy,4.0,3.0
32649,Tennis,3.0,15.0
32770,Rubgy,10.0,13.0
32892,Tennis,16.0,14.0
32906,Tennis,13.0,19.0
33085,Judo,17.0,11.0
33124,Tennis,18.0,1.0
33132,Ping-Pong,13.0,10.0
33145,Football,2.0,13.0
33148,Handball,8.0,17.0
33154,Baseball,3.0,1.0
33164,Judo,2.0,12.0
33421,Rubgy,12.0,1.0
33435,Baseball,10.0,3.0
33437,Hockey,4.0,9.0
33644,Judo,3.0,16.0
33649,Football,12.0,5.0
33677,Baseball,16.0,14.0
33683,Judo,15.0,3.0
33815,Football,8.0,6.0
33838,Baseball,4.0,14.0
33896,Water Polo,7.0,2.0
34072,Baseball,10.0,3.0
34148,Rubgy,11.0,9.0
34153,Baseball,19.0,4.0
34482,Rubgy,8.0,19.0
34542,Baseball,8.0,9.0
34811,Hockey,9.0,5.0
35957,Judo,16.0,12.0
36477,Football,13.0,4.0
36527,Rubgy,4.0,7.0
36931,Ping-Pong,6.0,13.0
37240,Baseball,11.0,12.0
37475,Rubgy,19.0,8.0
37545,Rubgy,1.0,18.0
37733,Hockey,9.0,10.0
37739,Rubgy,8.0,10.0
38095,Ping-Pong,9.0,14.0
38198,Baseball,7.0,8.0
38304,Baseball,10.0,8.0
38388,Rubgy,3.0,7.0
38992,Rubgy,13.0,5.0
39231,Football,8.0,3.0
39234,Rubgy,7.0,9.0
39414,Football,7.0,10.0
39427,Badminton,16.0,7.0
39446,Judo,9.0,14.0
39449,Football,1.0,8.0
39516,Rubgy,10.0,4.0
39869,Rubgy,14.0,9.0
40414,Tennis,18.0,7.0
40583,Volleyball,8.0,3.0
40614,Volleyball,6.0,16.0
40617,Judo,14.0,11.0
40870,Rubgy,14.0,9.0
40966,Rubgy,3.0,8.0
41573,Football,5.0,19.0
41769,Football,18.0,19.0
41997,Hockey,3.0,14.0
42007,Football,10.0,12.0
42011,Handball,18.0,14.0
42176,Volleyball,13.0,2.0
42285,Judo,19.0,3.0
42602,Baseball,18.0,16.0
42723,Water Polo,18.0,5.0
42730,Rubgy,15.0,12.0
43376,Tennis,8.0,6.0
43396,Rubgy,16.0,14.0
43556,Rubgy,1.0,17.0
43677,Tennis,14.0,6.0
43684,Football,12.0,13.0
43744,Football,19.0,10.0
43904,Judo,15.0,16.0
43908,Rubgy,2.0,18.0
43914,Rubgy,2.0,10.0
44511,Baseball,2.0,8.0
44613,Rubgy,13.0,17.0
44657,Rubgy,19.0,7.0
44709,Rubgy,2.0,4.0
44719,Rubgy,17.0,8.0
44788,Baseball,9.0,14.0
44864,Football,19.0,9.0
44931,Rubgy,3.0,5.0
44943,Baseball,19.0,1.0
44974,Volleyball,12.0,4.0
45501,Football,16.0,7.0
45503,Rubgy,4.0,11.0
45635,Rubgy,13.0,6.0
45658,Rubgy,8.0,16.0
45662,Judo,12.0,13.0
45928,Baseball,4.0,15.0
46231,Rubgy,12.0,4.0
46335,Hockey,2.0,11.0
46559,Tennis,18.0,6.0
46723,Volleyball,7.0,8.0
46850,Baseball,16.0,3.0
46862,Rubgy,3.0,17.0
46974,Rubgy,13.0,19.0
47044,Hockey,5.0,2.0
47099,Rubgy,7.0,9.0
47200,Boxe,13.0,12.0
47254,Hockey,13.0,10.0
47423,Rubgy,15.0,18.0
47629,Rubgy,16.0,3.0
47644,Rubgy,4.0,5.0
47894,Tennis,2.0,9.0
47978,Rubgy,9.0,11.0
48150,Water Polo,15.0,16.0
48161,Rubgy,4.0,7.0
48214,Rubgy,12.0,14.0
48262,Baseball,18.0,15.0
48326,Rubgy,12.0,6.0
48416,Handball,8.0,1.0
48518,Judo,14.0,5.0
48598,Rubgy,19.0,5.0
48649,Tennis,16.0,2.0
48698,Baseball,14.0,17.0
48738,Volleyball,13.0,5.0
48741,Baseball,16.0,5.0
48744,Football,16.0,2.0
48783,Tennis,9.0,14.0
49130,Football,11.0,12.0
49132,Baseball,2.0,11.0
49280,Rubgy,8.0,6.0
49284,Football,5.0,4.0
49314,Ping-Pong,9.0,18.0
49347,Rubgy,8.0,15.0
49524,Rubgy,16.0,8.0
49793,Rubgy,7.0,18.0
49822,Volleyball,1.0,3.0
49910,Rubgy,19.0,16.0
49917,Baseball,1.0,14.0
49961,Rubgy,3.0,13.0
50068,Tennis,7.0,16.0
50160,Rubgy,13.0,15.0
50440,Judo,13.0,7.0
50514,Rubgy,16.0,18.0
50613,Water Polo,11.0,7.0
50685,Football,12.0,9.0
50740,Baseball,16.0,10.0
50792,Football,3.0,6.0
50794,Hockey,13.0,18.0
50802,Football,6.0,4.0
50851,Baseball,4.0,11.0
50923,Rubgy,15.0,8.0
51080,Volleyball,16.0,17.0
51091,Rubgy,17.0,4.0
51167,Rubgy,3.0,8.0
51174,Rubgy,19.0,11.0
51903,Football,2.0,12.0
51931,Rubgy,11.0,12.0
51933,Rubgy,5.0,2.0
51937,Judo,16.0,5.0
52283,Judo,12.0,13.0
52458,Volleyball,8.0,11.0
52668,Football,15.0,7.0
52767,Baseball,12.0,10.0
52784,Baseball,13.0,19.0
52952,Rubgy,14.0,2.0
52967,Rubgy,4.0,7.0
52973,Football,7.0,12.0
53024,Baseball,8.0,12.0
53143,Boxe,17.0,9.0
53280,Judo,1.0,10.0
53318,Football,4.0,9.0
53326,Water Polo,17.0,4.0
53883,Baseball,2.0,5.0
53921,Volleyball,19.0,1.0
54116,Volleyball,14.0,8.0
54185,Baseball,7.0,12.0
54276,Football,3.0,1.0
54354,Baseball,1.0,18.0
54780,Football,10.0,9.0
54785,Water Polo,12.0,4.0
54787,Volleyball,15.0,13.0
54796,Football,9.0,14.0
55067,Volleyball,9.0,1.0
55071,Baseball,11.0,1.0
55110,Rubgy,14.0,17.0
55112,Football,4.0,15.0
55156,Baseball,9.0,1.0
55205,Rubgy,3.0,13.0
55261,Football,11.0,9.0
55267,Football,6.0,7.0
55274,Rubgy,1.0,13.0
55276,Volleyball,15.0,9.0
55282,Judo,1.0,10.0
55444,Rubgy,2.0,18.0
55451,Football,17.0,9.0
55492,Water Polo,13.0,17.0
55555,Rubgy,13.0,14.0
55620,Baseball,19.0,10.0
55687,Baseball,1.0,7.0
55721,Hockey,3.0,9.0
55814,Rubgy,9.0,1.0
55844,Football,5.0,16.0
55854,Rubgy,16.0,8.0
56169,Volleyball,3.0,6.0
56274,Rubgy,17.0,7.0
56286,Rubgy,2.0,17.0
56367,Football,9.0,12.0
56379,Baseball,3.0,10.0
56563,Baseball,6.0,2.0
56607,Rubgy,2.0,8.0
56620,Judo,17.0,3.0
56837,Football,10.0,16.0
56908,Football,19.0,11.0
56941,Football,16.0,1.0
57183,Rubgy,3.0,13.0
57522,Handball,11.0,16.0
57843,Ping-Pong,18.0,15.0
58047,Football,5.0,4.0
58191,Baseball,8.0,9.0
58287,Volleyball,17.0,1.0
58301,Volleyball,12.0,13.0
58306,Tennis,16.0,12.0
58309,Baseball,8.0,9.0
58351,Rubgy,11.0,12.0
58425,Baseball,15.0,16.0
58492,Rubgy,15.0,17.0
58554,Rubgy,18.0,14.0
58627,Basketball,3.0,17.0
58806,Football,4.0,12.0
58839,Football,3.0,15.0
58876,Tennis,9.0,11.0
58964,Judo,10.0,19.0
58975,Judo,1.0,5.0
59131,Water Polo,15.0,19.0
59295,Baseball,6.0,13.0
59369,Hockey,9.0,19.0
59727,Judo,9.0,8.0
59731,Baseball,2.0,10.0
59810,Rubgy,13.0,2.0
59915,Judo,3.0,15.0
59985,Football,12.0,15.0
60046,Tennis,9.0,5.0
60072,Boxe,19.0,7.0
60291,Baseball,4.0,17.0
60293,Football,3.0,12.0
60333,Baseball,7.0,8.0
60538,Judo,6.0,14.0
60735,Volleyball,2.0,12.0
60766,Baseball,5.0,4.0
60857,Rubgy,8.0,13.0
60885,Volleyball,3.0,16.0
60943,Rubgy,19.0,2.0
60950,Football,17.0,8.0
61319,Rubgy,2.0,18.0
61628,Rubgy,17.0,19.0
61705,Volleyball,1.0,16.0
62155,Football,4.0,15.0
62208,Rubgy,7.0,2.0
62394,Hockey,18.0,11.0
62434,Football,6.0,18.0
62437,Rubgy,3.0,9.0
62553,Rubgy,7.0,19.0
62644,Rubgy,9.0,12.0
62662,Baseball,17.0,11.0
62799,Rubgy,11.0,10.0
63179,Rubgy,9.0,10.0
63276,Basketball,6.0,8.0
63808,Rubgy,16.0,1.0
63876,Rubgy,17.0,19.0
64010,Water Polo,14.0,13.0
64034,Tennis,13.0,8.0
64197,Rubgy,18.0,4.0
64231,Hockey,12.0,11.0
64278,Baseball,12.0,16.0
64499,Tennis,9.0,19.0
64501,Tennis,12.0,4.0
64620,Rubgy,8.0,3.0
64716,Rubgy,17.0,11.0
64839,Rubgy,13.0,1.0
65037,Rubgy,17.0,12.0
65188,Baseball,7.0,2.0
65225,Baseball,3.0,11.0
65596,Hockey,2.0,6.0
65601,Judo,4.0,12.0
66090,Judo,16.0,1.0
66198,Volleyball,18.0,4.0
66203,Football,4.0,6.0
66320,Baseball,13.0,5.0
66371,Rubgy,2.0,8.0
66544,Tennis,5.0,9.0
66665,Football,8.0,6.0
66744,Rubgy,16.0,2.0
66783,Water Polo,13.0,6.0
67186,Judo,17.0,7.0
67508,Hockey,13.0,9.0
67618,Football,17.0,8.0
67923,Hockey,5.0,1.0
68194,Rubgy,16.0,2.0
68522,Baseball,11.0,17.0
68552,Rubgy,3.0,7.0
68650,Rubgy,11.0,3.0
68872,Tennis,2.0,7.0
69122,Handball,8.0,3.0
69131,Hockey,11.0,14.0
69224,Football,18.0,11.0
69529,Baseball,2.0,14.0
69712,Rubgy,10.0,2.0
69757,Football,15.0,12.0
69849,Tennis,15.0,5.0
69904,Volleyball,15.0,1.0
69953,Baseball,5.0,1.0
70183,Football,16.0,15.0
70208,Judo,8.0,1.0
70293,Football,8.0,6.0
70361,Boxe,14.0,9.0
70862,Baseball,12.0,9.0
70990,Rubgy,18.0,5.0
70994,Judo,9.0,8.0
71131,Baseball,4.0,12.0
71147,Rubgy,17.0,5.0
71252,Judo,5.0,15.0
71282,Baseball,5.0,17.0
71341,Water Polo,7.0,19.0
71379,Judo,17.0,7.0
71438,Rubgy,15.0,5.0
71462,Baseball,18.0,17.0
71619,Rubgy,5.0,11.0
71640,Baseball,19.0,3.0
71838,Volleyball,1.0,11.0
71867,Rubgy,1.0,14.0
71910,Basketball,15.0,9.0
72167,Hockey,13.0,5.0
72330,Rubgy,4.0,17.0
72395,Rubgy,12.0,9.0
72424,Boxe,13.0,18.0
72489,Hockey,8.0,19.0
72591,Boxe,12.0,9.0
72624,Rubgy,4.0,17.0
72641,Rubgy,4.0,5.0
72694,Rubgy,18.0,4.0
72714,Baseball,12.0,15.0
72720,Rubgy,8.0,18.0
72733,Rubgy,9.0,8.0
72874,Basketball,15.0,3.0
73211,Judo,3.0,8.0
73266,Football,7.0,5.0
73290,Rubgy,15.0,19.0
73431,Handball,2.0,3.0
73741,Hockey,9.0,8.0
73876,Ping-Pong,5.0,1.0
73881,Football,8.0,3.0
74275,Football,7.0,13.0
74324,Rubgy,15.0,4.0
74370,Judo,7.0,19.0
74452,Judo,11.0,10.0
74677,Baseball,10.0,2.0
74750,Judo,10.0,17.0
75446,Rubgy,12.0,6.0
75947,Baseball,2.0,5.0
76030,Judo,3.0,8.0
76173,Handball,2.0,5.0
76738,Baseball,11.0,14.0
77177,Baseball,16.0,3.0
77266,Rubgy,12.0,13.0
77427,Water Polo,10.0,8.0
78034,Football,3.0,14.0
78103,Tennis,8.0,7.0
78174,Football,18.0,19.0
78218,Volleyball,15.0,6.0
78574,Volleyball,3.0,4.0
78746,Baseball,1.0,13.0
78836,Rubgy,19.0,7.0
78959,Rubgy,1.0,18.0
79006,Baseball,14.0,3.0
79073,Baseball,18.0,4.0
79251,Judo,15.0,1.0
79259,Volleyball,3.0,7.0
79293,Boxe,13.0,16.0
79553,Basketball,10.0,9.0
79798,Rubgy,9.0,17.0
80094,Judo,5.0,16.0
80124,Ping-Pong,18.0,1.0
80126,Volleyball,16.0,2.0
80454,Rubgy,10.0,4.0
80463,Rubgy,1.0,12.0
80553,Rubgy,6.0,4.0
80584,Football,10.0,8.0
80590,Rubgy,9.0,10.0
80880,Volleyball,7.0,13.0
80906,Baseball,12.0,13.0
81087,Rubgy,19.0,6.0
81191,Baseball,3.0,4.0
81257,Rubgy,13.0,16.0
81520,Ping-Pong,1.0,6.0
81591,Volleyball,12.0,4.0
81784,Football,9.0,5.0
81786,Rubgy,13.0,10.0
81791,Rubgy,8.0,9.0
81819,Rubgy,1.0,8.0
81845,Rubgy,9.0,2.0
81910,Baseball,2.0,11.0
81932,Rubgy,14.0,6.0
81949,Football,19.0,10.0
82041,Water Polo,18.0,13.0
82088,Rubgy,8.0,7.0
82167,Football,7.0,12.0
82202,Volleyball,5.0,1.0
82499,Football,5.0,1.0
82527,Rubgy,15.0,1.0
82534,Rubgy,15.0,9.0
82744,Ping-Pong,3.0,18.0
82767,Rubgy,18.0,3.0
83369,Rubgy,3.0,2.0
83827,Baseball,11.0,4.0
83969,Football,3.0,8.0
84156,Baseball,15.0,13.0
84240,Rubgy,6.0,12.0
84273,Baseball,13.0,5.0
84716,Football,1.0,19.0
84847,Football,9.0,6.0
85213,Rubgy,7.0,18.0
85342,Ping-Pong,3.0,7.0
85394,Baseball,9.0,2.0
85774,Baseball,5.0,7.0
86028,Handball,18.0,17.0
86068,Judo,19.0,2.0
86142,Basketball,7.0,11.0
86237,Baseball,11.0,5.0
86279,Baseball,10.0,8.0
86487,Rubgy,19.0,3.0
86504,Baseball,12.0,5.0
86668,Baseball,17.0,5.0
86817,Football,16.0,1.0
86898,Rubgy,19.0,15.0
86960,Badminton,19.0,7.0
87028,Volleyball,12.0,15.0
87234,Football,18.0,17.0
87287,Baseball,4.0,8.0
87304,Rubgy,2.0,11.0
87522,Football,13.0,4.0
87660,Rubgy,9.0,4.0
87869,Handball,14.0,13.0
87960,Baseball,18.0,19.0
88069,Handball,6.0,4.0
88094,Baseball,10.0,11.0
88163,Football,16.0,13.0
88235,Handball,14.0,19.0
88272,Water Polo,2.0,1.0
88697,Rubgy,1.0,16.0
88810,Rubgy,16.0,13.0
89047,Rubgy,13.0,3.0
89072,Water Polo,19.0,11.0
89085,Volleyball,15.0,6.0
89090,Baseball,18.0,9.0
89208,Judo,19.0,12.0
89427,Judo,1.0,8.0
89492,Rubgy,1.0,15.0
89580,Rubgy,2.0,7.0
89582,Volleyball,10.0,16.0
89759,Rubgy,13.0,19.0
89761,Volleyball,15.0,19.0
89774,Rubgy,16.0,5.0
89804,Rubgy,12.0,11.0
89840,Boxe,13.0,19.0
89904,Football,2.0,7.0
90057,Rubgy,1.0,19.0
90245,Baseball,7.0,9.0
90353,Rubgy,11.0,6.0
90357,Rubgy,19.0,13.0
90374,Volleyball,7.0,6.0
90376,Volleyball,16.0,9.0
90428,Rubgy,5.0,13.0
90469,Water Polo,17.0,15.0
90471,Rubgy,9.0,16.0
90531,Rubgy,18.0,15.0
90630,Baseball,13.0,18.0
90719,Rubgy,2.0,8.0
90809,Rubgy,12.0,15.0
90863,Baseball,13.0,4.0
90943,Baseball,5.0,11.0
91126,Tennis,16.0,19.0
91325,Rubgy,6.0,10.0
91571,Volleyball,7.0,5.0
91658,Volleyball,15.0,9.0
91666,Football,7.0,1.0
91842,Hockey,11.0,12.0
91860,Baseball,6.0,18.0
91869,Baseball,8.0,13.0
91890,Rubgy,10.0,13.0
91935,Rubgy,12.0,2.0
91981,Rubgy,9.0,11.0
92008,Boxe,19.0,9.0
92094,Rubgy,11.0,19.0
92243,Tennis,5.0,19.0
92309,Judo,19.0,1.0
92391,Water Polo,8.0,17.0
92475,Baseball,11.0,1.0
92665,Football,10.0,17.0
92954,Rubgy,1.0,9.0
93022,Handball,14.0,5.0
93242,Volleyball,7.0,3.0
93502,Volleyball,5.0,19.0
93721,Baseball,10.0,8.0
93740,Football,12.0,6.0
93790,Rubgy,12.0,3.0
93819,Water Polo,14.0,11.0
94011,Boxe,15.0,17.0
94122,Baseball,15.0,3.0
94130,Baseball,15.0,3.0
94325,Rubgy,6.0,2.0
94494,Volleyball,17.0,8.0
94735,Baseball,2.0,1.0
94919,Volleyball,16.0,9.0
94959,Football,11.0,13.0
94985,Hockey,8.0,13.0
95175,Rubgy,1.0,12.0
95199,Football,2.0,1.0
95218,Baseball,14.0,4.0
95309,Football,5.0,12.0
95624,Rubgy,12.0,6.0
95633,Water Polo,6.0,10.0
96020,Rubgy,4.0,1.0
96084,Rubgy,12.0,11.0
96150,Baseball,7.0,12.0
96373,Rubgy,8.0,6.0
96411,Baseball,11.0,7.0
96417,Boxe,18.0,19.0
96488,Baseball,19.0,9.0
96518,Volleyball,3.0,5.0
96563,Baseball,11.0,16.0
96606,Baseball,16.0,4.0
96728,Rubgy,12.0,17.0
96815,Judo,8.0,7.0
96829,Rubgy,11.0,2.0
96861,Hockey,19.0,9.0
96917,Judo,17.0,4.0
96945,Football,11.0,7.0
96975,Football,9.0,1.0
97168,Baseball,15.0,1.0
97188,Judo,12.0,4.0
97194,Baseball,4.0,13.0
97304,Volleyball,3.0,5.0
97306,Handball,19.0,12.0
97643,Judo,5.0,11.0
97870,Rubgy,19.0,8.0
97923,Rubgy,10.0,12.0
97936,Rubgy,5.0,7.0
98122,Baseball,7.0,5.0
98154,Tennis,8.0,2.0
98230,Football,16.0,10.0
98585,Rubgy,3.0,1.0
99005,Ping-Pong,3.0,6.0
99117,Rubgy,10.0,5.0
99145,Volleyball,19.0,5.0
99191,Water Polo,8.0,11.0
99574,Rubgy,1.0,3.0
99728,Ping-Pong,18.0,1.0
99846,Baseball,18.0,9.0
100106,Baseball,8.0,5.0
100304,Boxe,10.0,2.0
100326,Handball,18.0,3.0
100390,Handball,3.0,7.0
100397,Water Polo,7.0,15.0
100553,Baseball,13.0,11.0
100556,Baseball,11.0,8.0
101070,Rubgy,2.0,9.0
101360,Volleyball,7.0,5.0
101362,Boxe,10.0,3.0
101415,Football,10.0,16.0
101531,Rubgy,10.0,12.0
101739,Water Polo,6.0,5.0
101895,Rubgy,8.0,11.0
101973,Volleyball,5.0,1.0
102066,Judo,11.0,18.0
102407,Rubgy,18.0,14.0
102684,Volleyball,15.0,12.0
102742,Baseball,11.0,4.0
102819,Rubgy,18.0,10.0
102823,Baseball,9.0,19.0
102984,Judo,2.0,15.0
103027,Football,19.0,16.0
103107,Baseball,13.0,17.0
103219,Judo,12.0,7.0
103235,Badminton,17.0,2.0
103245,Football,9.0,10.0
103539,Football,9.0,7.0
103624,Rubgy,1.0,14.0
103688,Judo,11.0,19.0
103801,Football,8.0,9.0
103980,Rubgy,1.0,13.0
104211,Handball,3.0,10.0
104272,Baseball,19.0,4.0
104303,Rubgy,7.0,1.0
104457,Judo,8.0,16.0
104863,Football,10.0,4.0
104908,Judo,5.0,12.0
104944,Rubgy,18.0,14.0
105211,Football,10.0,4.0
105213,Football,3.0,15.0
105746,Baseball,4.0,17.0
106144,Rubgy,7.0,17.0
106330,Football,13.0,11.0
106594,Football,6.0,17.0
106766,Rubgy,4.0,12.0
106889,Baseball,5.0,1.0
107338,Handball,6.0,4.0
107447,Handball,16.0,13.0
107951,Handball,13.0,16.0
107962,Boxe,2.0,13.0
108192,Rubgy,2.0,13.0
108601,Rubgy,6.0,9.0
108727,Rubgy,9.0,3.0
109161,Rubgy,2.0,13.0
109282,Baseball,18.0,15.0
109569,Ping-Pong,7.0,5.0
109687,Baseball,1.0,5.0
109853,Football,2.0,11.0
109897,Rubgy,7.0,8.0
110281,Football,7.0,3.0
110286,Judo,16.0,18.0
110330,Rubgy,1.0,13.0
110350,Baseball,12.0,11.0
110387,Baseball,15.0,1.0
110591,Water Polo,9.0,1.0
110603,Rubgy,1.0,3.0
110611,Volleyball,7.0,13.0
110826,Ping-Pong,15.0,13.0
110882,Rubgy,5.0,12.0
111384,Badminton,11.0,7.0
111817,Rubgy,9.0,3.0
111913,Rubgy,10.0,15.0
112070,Rubgy,3.0,11.0
112290,Rubgy,4.0,6.0
112334,Baseball,4.0,11.0
112454,Rubgy,16.0,1.0
112552,Rubgy,8.0,7.0
112556,Volleyball,16.0,2.0
112749,Football,17.0,12.0
112940,Badminton,5.0,4.0
113186,Badminton,16.0,19.0
113225,Football,15.0,16.0
113280,Rubgy,1.0,19.0
113313,Judo,5.0,7.0
113416,Ping-Pong,16.0,18.0
113453,Handball,11.0,5.0
113565,Judo,15.0,3.0
113604,Rubgy,17.0,19.0
113705,Rubgy,7.0,1.0
113780,Judo,14.0,1.0
113829,Football,10.0,1.0
113862,Badminton,3.0,16.0
114044,Water Polo,16.0,11.0
114074,Rubgy,2.0,18.0
114126,Baseball,5.0,3.0
114184,Rubgy,15.0,8.0
114396,Rubgy,8.0,15.0
114494,Badminton,18.0,19.0
114713,Water Polo,2.0,7.0
115149,Boxe,13.0,10.0
115170,Rubgy,15.0,10.0
115203,Baseball,15.0,12.0
115969,Tennis,4.0,1.0
116138,Rubgy,3.0,16.0
116169,Basketball,8.0,13.0
116411,Rubgy,14.0,7.0
116724,Football,10.0,8.0
117107,Rubgy,5.0,16.0
117531,Baseball,12.0,3.0
117533,Baseball,14.0,18.0
117590,Handball,14.0,10.0
117881,Rubgy,15.0,10.0
117895,Boxe,15.0,19.0
118248,Volleyball,3.0,11.0
118700,Rubgy,4.0,6.0
118702,Tennis,19.0,16.0
118784,Baseball,7.0,15.0
118896,Rubgy,18.0,10.0
118900,Rubgy,1.0,18.0
118985,Rubgy,1.0,8.0
119218,Ping-Pong,9.0,18.0
120466,Boxe,18.0,5.0
120478,Baseball,3.0,16.0
120625,Rubgy,3.0,6.0
120761,Rubgy,16.0,5.0
120783,Ping-Pong,6.0,1.0
121035,Rubgy,1.0,7.0
121169,Rubgy,6.0,3.0
121171,Baseball,12.0,9.0
121253,Judo,2.0,17.0
122260,Tennis,16.0,4.0
123310,Basketball,3.0,11.0
123947,Rubgy,15.0,6.0
127114,Rubgy,12.0,7.0
127116,Rubgy,2.0,4.0
127132,Volleyball,7.0,3.0
127146,Baseball,5.0,7.0
127152,Baseball,12.0,4.0
127164,Baseball,19.0,5.0
127172,Baseball,13.0,8.0
127180,Baseball,2.0,7.0
127184,Rubgy,13.0,9.0
127202,Rubgy,7.0,17.0
127212,Volleyball,16.0,6.0
127319,Badminton,16.0,7.0
128488,Hockey,8.0,6.0
128594,Football,15.0,12.0
128736,Rubgy,9.0,16.0
128838,Water Polo,15.0,14.0
128900,Baseball,9.0,18.0
128902,Baseball,14.0,10.0
129333,Judo,1.0,12.0
129659,Rubgy,11.0,15.0
129937,Hockey,7.0,9.0
130083,Hockey,3.0,15.0
130578,Boxe,6.0,5.0
130976,Rubgy,7.0,15.0
131013,Handball,8.0,12.0
131023,Baseball,18.0,11.0
131104,Handball,2.0,3.0
131439,Badminton,8.0,11.0
131724,Baseball,7.0,1.0
131796,Rubgy,10.0,11.0
132335,Rubgy,10.0,7.0
133115,Baseball,9.0,10.0
133365,Volleyball,3.0,18.0
133716,Handball,8.0,7.0
134021,Football,3.0,15.0
134041,Football,5.0,9.0
134158,Badminton,19.0,1.0
134214,Rubgy,4.0,5.0
134246,Boxe,8.0,10.0
134248,Baseball,16.0,14.0
134524,Baseball,2.0,1.0
134528,Football,2.0,7.0
134796,Baseball,5.0,8.0
134859,Baseball,5.0,4.0
134881,Rubgy,17.0,4.0
135787,Baseball,10.0,1.0
135803,Basketball,8.0,1.0
136012,Boxe,15.0,5.0
136562,Rubgy,6.0,15.0
136564,Rubgy,8.0,13.0
136602,Judo,7.0,12.0
136654,Rubgy,15.0,4.0
136786,Badminton,4.0,17.0
136834,Water Polo,12.0,11.0
136840,Football,3.0,1.0
136958,Water Polo,9.0,16.0
137218,Rubgy,19.0,14.0
137337,Baseball,17.0,9.0
138210,Rubgy,10.0,5.0
138610,Judo,10.0,4.0
139511,Water Polo,13.0,17.0
140016,Water Polo,17.0,10.0
140174,Rubgy,1.0,10.0
140237,Rubgy,1.0,16.0
140267,Water Polo,9.0,1.0
140715,Rubgy,16.0,7.0
141400,Basketball,17.0,16.0
141422,Rubgy,17.0,8.0
141668,Rubgy,13.0,6.0
141749,Rubgy,4.0,18.0
141846,Baseball,8.0,1.0
141890,Tennis,16.0,11.0
142222,Rubgy,17.0,10.0
142366,Judo,13.0,11.0
142488,Badminton,9.0,17.0
142507,Rubgy,16.0,6.0
142536,Rubgy,18.0,17.0
142598,Water Polo,12.0,16.0
143031,Football,17.0,11.0
143367,Volleyball,3.0,14.0
143385,Volleyball,18.0,3.0
143511,Baseball,10.0,11.0
143896,Baseball,12.0,11.0
144210,Baseball,18.0,10.0
144352,Ping-Pong,10.0,18.0
144714,Volleyball,19.0,18.0
145418,Rubgy,17.0,18.0
145839,Rubgy,19.0,15.0
145951,Boxe,6.0,3.0
146244,Football,10.0,15.0
146656,Rubgy,5.0,8.0
146682,Baseball,19.0,9.0
147657,Basketball,14.0,8.0
148166,Baseball,15.0,18.0
148482,Rubgy,10.0,9.0
148626,Rubgy,5.0,18.0
148709,Badminton,14.0,2.0
148982,Water Polo,8.0,19.0
149334,Volleyball,11.0,4.0
149590,Badminton,6.0,4.0
150254,Water Polo,7.0,15.0
150696,Baseball,4.0,3.0
151501,Rubgy,3.0,11.0
151557,Rubgy,11.0,16.0
151559,Judo,9.0,5.0
151759,Baseball,15.0,11.0
151777,Volleyball,7.0,5.0
152071,Rubgy,12.0,14.0
152077,Badminton,10.0,2.0
152085,Rubgy,17.0,11.0
152173,Water Polo,17.0,6.0
152270,Rubgy,13.0,5.0
152372,Water Polo,5.0,10.0
152591,Basketball,8.0,18.0
152711,Baseball,15.0,12.0
154358,Baseball,6.0,12.0
156726,Badminton,14.0,12.0
157110,Handball,10.0,6.0
157122,Rubgy,15.0,8.0
157200,Volleyball,11.0,18.0
157407,Hockey,14.0,10.0
157699,Volleyball,11.0,14.0
158402,Basketball,8.0,12.0
158528,Volleyball,5.0,16.0
158842,Baseball,19.0,15.0
158882,Football,12.0,7.0
158966,Rubgy,3.0,9.0
158972,Rubgy,15.0,5.0
159193,Football,9.0,7.0
159415,Football,18.0,19.0
159510,Water Polo,17.0,5.0
159717,Rubgy,14.0,1.0
159817,Baseball,13.0,18.0
159858,Water Polo,16.0,6.0
159976,Rubgy,6.0,11.0
160289,Baseball,6.0,1.0
160341,Boxe,3.0,5.0
160400,Rubgy,16.0,3.0
160438,Basketball,1.0,7.0
160440,Badminton,8.0,19.0
160527,Ping-Pong,19.0,14.0
160571,Water Polo,14.0,12.0
160644,Rubgy,18.0,9.0
160646,Rubgy,11.0,13.0
160684,Basketball,19.0,4.0
160872,Water Polo,15.0,4.0
160954,Volleyball,6.0,5.0
160980,Rubgy,14.0,12.0
161290,Basketball,13.0,4.0
161634,Badminton,19.0,16.0
161966,Badminton,3.0,4.0
162082,Boxe,13.0,3.0
162414,Rubgy,15.0,5.0
162598,Rubgy,7.0,11.0
162602,Badminton,1.0,4.0
163645,Tennis,4.0,1.0
163981,Water Polo,16.0,19.0
164540,Baseball,14.0,10.0
164909,Football,15.0,1.0
164917,Baseball,14.0,11.0
165075,Rubgy,8.0,18.0
165529,Rubgy,18.0,15.0
165551,Rubgy,3.0,7.0
165635,Badminton,13.0,5.0
165671,Baseball,7.0,2.0
165843,Baseball,16.0,15.0
165969,Baseball,17.0,16.0
166568,Badminton,15.0,13.0
166643,Rubgy,19.0,8.0
166705,Rubgy,2.0,1.0
166946,Rubgy,11.0,12.0
167064,Baseball,13.0,16.0
167296,Rubgy,2.0,13.0
167538,Water Polo,15.0,10.0
167706,Baseball,14.0,9.0
168250,Water Polo,2.0,5.0
168350,Rubgy,4.0,19.0
168608,Rubgy,18.0,17.0
169180,Badminton,7.0,12.0
169670,Water Polo,19.0,7.0
169992,Ping-Pong,18.0,3.0
170697,Rubgy,14.0,3.0
170875,Hockey,11.0,13.0
170907,Baseball,3.0,10.0
171011,Baseball,4.0,13.0
171023,Rubgy,3.0,6.0
171251,Baseball,10.0,14.0
171701,Rubgy,2.0,13.0
172013,Rubgy,14.0,11.0
172705,Baseball,11.0,9.0
173197,Rubgy,10.0,7.0
173317,Baseball,3.0,9.0
173619,Handball,6.0,2.0
173751,Badminton,2.0,7.0
173941,Badminton,7.0,11.0
175199,Water Polo,4.0,9.0
175303,Water Polo,5.0,12.0
175485,Judo,8.0,7.0
175585,Hockey,2.0,5.0
175693,Handball,2.0,12.0
175707,Baseball,5.0,18.0
176413,Rubgy,7.0,13.0
176423,Baseball,1.0,11.0
176935,Basketball,18.0,17.0
178061,Rubgy,10.0,13.0
178129,Baseball,12.0,14.0
178323,Baseball,4.0,18.0
178615,Football,11.0,8.0
179135,Baseball,2.0,17.0
179709,Rubgy,3.0,19.0
179813,Rubgy,5.0,15.0
179815,Volleyball,13.0,17.0
179817,Tennis,1.0,2.0
180045,Rubgy,17.0,18.0
180095,Rubgy,1.0,13.0
180265,Baseball,16.0,5.0
180497,Volleyball,11.0,4.0
180777,Baseball,4.0,13.0
180985,Rubgy,9.0,10.0
182793,Rubgy,3.0,18.0
183199,Baseball,8.0,12.0
184245,Baseball,19.0,8.0
184349,Football,13.0,4.0
184721,Volleyball,7.0,16.0
184931,Hockey,2.0,9.0
187717,Baseball,12.0,3.0
189111,Baseball,8.0,14.0
190213,Rubgy,15.0,13.0
190215,Rubgy,11.0,12.0
190221,Baseball,18.0,6.0
193579,Baseball,12.0,17.0
193585,Rubgy,18.0,8.0
